{
	"id": "4c352cfb-96b3-c2f9-c79c-b248fb3fb782",
	"name": "Movie Recommendation System - SOA",
	"description": "",
	"order": [
		"a8d94776-0bb2-0ed0-3a73-aedad04bcb93",
		"7003c3bd-0b6b-e0c5-b7c5-242737df750b",
		"eb051757-5556-d5a6-3f78-4b89d615069e",
		"e00f49c3-d7f8-b5bb-3b7f-b97d9e76ed2f",
		"9df26e87-fdc3-f45f-076d-c0254faab57d",
		"90e228aa-911b-38c4-1631-791951330114",
		"e5164401-3779-5578-893b-8f50698054ba",
		"6e5b9c01-76c6-c893-37ab-e82d39efaa4b",
		"24f87ec3-f341-9b7f-5cae-3b45a95af97f",
		"5dd28ec8-5d4e-328d-1683-8f1ca1eee77e",
		"7c7bae0a-8214-4f56-4d6e-661e3573bff4",
		"61998c11-091a-028a-6b0d-cec43170a0c1",
		"ad1064f0-488e-3175-9cfe-d5db08604435",
		"6ad43ef8-57fa-70f4-fc26-2022a2e572ea"
	],
	"folders": [],
	"timestamp": 1480438038211,
	"owner": "108524",
	"public": false,
	"requests": [
		{
			"id": "24f87ec3-f341-9b7f-5cae-3b45a95af97f",
			"headers": "",
			"url": "http://localhost:8003/recommendation/user/3",
			"pathVariables": {},
			"preRequestScript": null,
			"method": "GET",
			"collectionId": "4c352cfb-96b3-c2f9-c79c-b248fb3fb782",
			"data": null,
			"dataMode": "params",
			"name": "Recommendation Service - One User",
			"description": "",
			"descriptionFormat": "html",
			"time": 1480438652509,
			"version": 2,
			"responses": [],
			"tests": null,
			"currentHelper": "normal",
			"helperAttributes": {}
		},
		{
			"id": "5dd28ec8-5d4e-328d-1683-8f1ca1eee77e",
			"headers": "",
			"url": "http://localhost:8003/recommendation/movie/3",
			"pathVariables": {},
			"preRequestScript": null,
			"method": "GET",
			"collectionId": "4c352cfb-96b3-c2f9-c79c-b248fb3fb782",
			"data": null,
			"dataMode": "params",
			"name": "Recommendation Service - One Movie",
			"description": "",
			"descriptionFormat": "html",
			"time": 1480438660756,
			"version": 2,
			"responses": [],
			"tests": null,
			"currentHelper": "normal",
			"helperAttributes": {}
		},
		{
			"id": "61998c11-091a-028a-6b0d-cec43170a0c1",
			"headers": "",
			"url": "http://localhost:8003/recommendation/recommend/user/1",
			"pathVariables": {},
			"preRequestScript": null,
			"method": "GET",
			"collectionId": "4c352cfb-96b3-c2f9-c79c-b248fb3fb782",
			"data": null,
			"dataMode": "params",
			"name": "Recommendation Service - User Movies",
			"description": "Recommendation for user",
			"descriptionFormat": "html",
			"time": 1480438726869,
			"version": 2,
			"responses": [],
			"tests": null,
			"currentHelper": "normal",
			"helperAttributes": {}
		},
		{
			"id": "6ad43ef8-57fa-70f4-fc26-2022a2e572ea",
			"headers": "",
			"url": "http://localhost:9000/api/userDetails/34",
			"pathVariables": {},
			"preRequestScript": null,
			"method": "GET",
			"collectionId": "4c352cfb-96b3-c2f9-c79c-b248fb3fb782",
			"data": null,
			"dataMode": "params",
			"name": "Recommendation Client - User Details",
			"description": "Recommendation for user",
			"descriptionFormat": "html",
			"time": 1480438918339,
			"version": 2,
			"responses": [],
			"tests": null,
			"currentHelper": "normal",
			"helperAttributes": {}
		},
		{
			"id": "6e5b9c01-76c6-c893-37ab-e82d39efaa4b",
			"headers": "",
			"url": "http://localhost:8003/recommendation/movie",
			"pathVariables": {},
			"preRequestScript": null,
			"method": "GET",
			"collectionId": "4c352cfb-96b3-c2f9-c79c-b248fb3fb782",
			"data": null,
			"dataMode": "params",
			"name": "Recommendation Service - All Movies",
			"description": "",
			"descriptionFormat": "html",
			"time": 1480438573555,
			"version": 2,
			"responses": [],
			"tests": null,
			"currentHelper": "normal",
			"helperAttributes": {}
		},
		{
			"id": "7003c3bd-0b6b-e0c5-b7c5-242737df750b",
			"headers": "",
			"url": "http://localhost:8002/movie",
			"pathVariables": {},
			"preRequestScript": null,
			"method": "GET",
			"collectionId": "4c352cfb-96b3-c2f9-c79c-b248fb3fb782",
			"data": null,
			"dataMode": "params",
			"name": "Movie Service - All Movies",
			"description": "",
			"descriptionFormat": "html",
			"time": 1480438169845,
			"version": 2,
			"responses": [],
			"tests": null,
			"currentHelper": "normal",
			"helperAttributes": {}
		},
		{
			"id": "7c7bae0a-8214-4f56-4d6e-661e3573bff4",
			"headers": "",
			"url": "http://localhost:8003/recommendation/dummyData",
			"pathVariables": {},
			"preRequestScript": null,
			"method": "GET",
			"collectionId": "4c352cfb-96b3-c2f9-c79c-b248fb3fb782",
			"data": null,
			"dataMode": "params",
			"name": "Recommendation Service - Dummy Data",
			"description": "",
			"descriptionFormat": "html",
			"time": 1480438679702,
			"version": 2,
			"responses": [],
			"tests": null,
			"currentHelper": "normal",
			"helperAttributes": {}
		},
		{
			"id": "90e228aa-911b-38c4-1631-791951330114",
			"headers": "",
			"url": "http://localhost:8001/user/5",
			"pathVariables": {},
			"preRequestScript": null,
			"method": "GET",
			"collectionId": "4c352cfb-96b3-c2f9-c79c-b248fb3fb782",
			"data": null,
			"dataMode": "params",
			"name": "Movie Service - One User",
			"description": "",
			"descriptionFormat": "html",
			"time": 1480438518038,
			"version": 2,
			"responses": [],
			"tests": null,
			"currentHelper": "normal",
			"helperAttributes": {}
		},
		{
			"id": "9df26e87-fdc3-f45f-076d-c0254faab57d",
			"headers": "",
			"url": "http://localhost:8001/user/",
			"pathVariables": {},
			"preRequestScript": null,
			"method": "GET",
			"collectionId": "4c352cfb-96b3-c2f9-c79c-b248fb3fb782",
			"data": null,
			"dataMode": "params",
			"name": "Movie Service - All Users",
			"description": "",
			"descriptionFormat": "html",
			"time": 1480438498763,
			"version": 2,
			"responses": [],
			"tests": null,
			"currentHelper": "normal",
			"helperAttributes": {}
		},
		{
			"id": "a8d94776-0bb2-0ed0-3a73-aedad04bcb93",
			"headers": "",
			"url": "http://localhost:8761",
			"pathVariables": {},
			"preRequestScript": null,
			"method": "GET",
			"collectionId": "4c352cfb-96b3-c2f9-c79c-b248fb3fb782",
			"data": null,
			"dataMode": "params",
			"name": "Eureka Discovery Service",
			"description": "",
			"descriptionFormat": "html",
			"time": 1480438076788,
			"version": 2,
			"responses": [],
			"tests": null,
			"currentHelper": "normal",
			"helperAttributes": {}
		},
		{
			"id": "ad1064f0-488e-3175-9cfe-d5db08604435",
			"headers": "",
			"url": "http://localhost:9000/api/recommendation/user/34",
			"pathVariables": {},
			"preRequestScript": null,
			"method": "GET",
			"collectionId": "4c352cfb-96b3-c2f9-c79c-b248fb3fb782",
			"data": null,
			"dataMode": "params",
			"name": "Recommendation Client - For User",
			"description": "Recommendation for user",
			"descriptionFormat": "html",
			"time": 1480438884014,
			"version": 2,
			"responses": [],
			"tests": null,
			"currentHelper": "normal",
			"helperAttributes": {}
		},
		{
			"id": "e00f49c3-d7f8-b5bb-3b7f-b97d9e76ed2f",
			"headers": "",
			"url": "http://localhost:8002/movie/dummyData",
			"pathVariables": {},
			"preRequestScript": null,
			"method": "GET",
			"collectionId": "4c352cfb-96b3-c2f9-c79c-b248fb3fb782",
			"data": null,
			"dataMode": "params",
			"name": "Movie Service - Dummy Data",
			"description": "",
			"descriptionFormat": "html",
			"time": 1480438455741,
			"version": 2,
			"responses": [],
			"tests": null,
			"currentHelper": "normal",
			"helperAttributes": {}
		},
		{
			"id": "e5164401-3779-5578-893b-8f50698054ba",
			"headers": "",
			"url": "http://localhost:8003/recommendation/user",
			"pathVariables": {},
			"preRequestScript": null,
			"method": "GET",
			"collectionId": "4c352cfb-96b3-c2f9-c79c-b248fb3fb782",
			"data": null,
			"dataMode": "params",
			"name": "Recommendation Service - All Users",
			"description": "",
			"descriptionFormat": "html",
			"time": 1480438562467,
			"version": 2,
			"responses": [],
			"tests": null,
			"currentHelper": "normal",
			"helperAttributes": {}
		},
		{
			"id": "eb051757-5556-d5a6-3f78-4b89d615069e",
			"headers": "",
			"url": "http://localhost:8002/movie/5",
			"pathVariables": {},
			"preRequestScript": null,
			"method": "GET",
			"collectionId": "4c352cfb-96b3-c2f9-c79c-b248fb3fb782",
			"data": null,
			"dataMode": "params",
			"name": "Movie Service - One Movie",
			"description": "",
			"descriptionFormat": "html",
			"time": 1480438441730,
			"version": 2,
			"responses": [],
			"tests": null,
			"currentHelper": "normal",
			"helperAttributes": {}
		}
	]
}